Column1,Column2,Column3,Column4,Column5,Column6
Rank,"Player (yrs, age)",Home Runs,PA,Bats,HR Log
1.,Barry Bonds (22),762,12606,L,HR Log
2.,Henry Aaron+ (23),755,13941,R,HR Log
3.,Babe Ruth+ (22),714,10628,L,HR Log
4.,Albert Pujols (22),703,13041,R,HR Log
5.,Alex Rodriguez (22),696,12207,R,HR Log
6.,Willie Mays+ (23),660,12545,R,HR Log
7.,Ken Griffey Jr.+ (22),630,11304,L,HR Log
8.,Jim Thome+ (22),612,10313,L,HR Log
9.,Sammy Sosa (18),609,9896,R,HR Log
10.,Frank Robinson+ (21),586,11744,R,HR Log
11.,Mark McGwire (16),583,7660,R,HR Log
12.,Harmon Killebrew+ (22),573,9833,R,HR Log
13.,Rafael Palmeiro (20),569,12046,L,HR Log
14.,Reggie Jackson+ (21),563,11418,L,HR Log
15.,Manny Ramirez (19),555,9774,R,HR Log
16.,Mike Schmidt+ (18),548,10062,R,HR Log
17.,David Ortiz+ (20),541,10091,L,HR Log
18.,Mickey Mantle+ (18),536,9910,B,HR Log
19.,Jimmie Foxx+ (20),534,9677,R,HR Log
20.,Willie McCovey+ (22),521,9692,L,HR Log
,Frank Thomas+ (19),521,10075,R,HR Log
,Ted Williams+ (19),521,9792,L,HR Log
23.,Ernie Banks+ (19),512,10396,R,HR Log
,Eddie Mathews+ (17),512,10101,L,HR Log
25.,Miguel Cabrera (21),511,11796,R,HR Log
,Mel Ott+ (22),511,11347,L,HR Log
27.,Gary Sheffield (22),509,10947,R,HR Log
28.,Eddie Murray+ (21),504,12817,B,HR Log
29.,Lou Gehrig+ (17),493,9665,L,HR Log
,Fred McGriff+ (19),493,10174,L,HR Log
31.,Adrian Beltré+ (21),477,12130,R,HR Log
32.,Stan Musial+ (22),475,12721,L,HR Log
,Willie Stargell+ (21),475,9027,L,HR Log
34.,Carlos Delgado (17),473,8657,L,HR Log
35.,Chipper Jones+ (19),468,10614,B,HR Log
36.,Dave Winfield+ (22),465,12358,R,HR Log
37.,Nelson Cruz (19),464,8396,R,HR Log
38.,José Canseco (17),462,8129,R,HR Log
,Adam Dunn (14),462,8328,L,HR Log
40.,Carl Yastrzemski+ (23),452,13992,L,HR Log
41.,Jeff Bagwell+ (15),449,9431,R,HR Log
,Vladimir Guerrero+ (16),449,9059,R,HR Log
43.,Dave Kingman (16),442,7429,R,HR Log
44.,Jason Giambi (20),440,8908,L,HR Log
45.,Paul Konerko (18),439,9505,R,HR Log
46.,Andre Dawson+ (21),438,10769,R,HR Log
47.,Carlos Beltrán (20),435,11031,B,HR Log
48.,Juan González (17),434,7155,R,HR Log
,Andruw Jones (17),434,8664,R,HR Log
50.,Cal Ripken Jr.+ (21),431,12883,R,HR Log
Rank,"Player (yrs, age)",Home Runs,PA,Bats,HR Log
51.,"Giancarlo Stanton (15, 34)",429,6896,R,HR Log
52.,Mike Piazza+ (16),427,7745,R,HR Log
53.,Billy Williams+ (18),426,10519,L,HR Log
54.,Edwin Encarnación (16),424,8126,R,HR Log
55.,Darrell Evans (21),414,10737,L,HR Log
56.,Alfonso Soriano (16),412,8395,R,HR Log
57.,Mark Teixeira (14),409,8029,B,HR Log
58.,Duke Snider+ (18),407,8237,L,HR Log
59.,Andrés Galarraga (19),399,8916,R,HR Log
,Al Kaline+ (22),399,11597,R,HR Log
61.,Dale Murphy (18),398,9041,R,HR Log
62.,Joe Carter (16),396,9154,R,HR Log
63.,Jim Edmonds (17),393,7980,L,HR Log
64.,Graig Nettles (22),390,10228,L,HR Log
65.,Johnny Bench+ (17),389,8674,R,HR Log
66.,Aramis Ramírez (18),386,8986,R,HR Log
67.,Dwight Evans (20),385,10569,R,HR Log
68.,Harold Baines+ (22),384,11092,L,HR Log
69.,Larry Walker+ (17),383,8030,L,HR Log
70.,Frank Howard (16),382,7353,R,HR Log
,Ryan Howard (13),382,6531,L,HR Log
,Jim Rice+ (16),382,9058,R,HR Log
73.,Albert Belle (12),381,6676,R,HR Log
74.,Orlando Cepeda+ (17),379,8699,R,HR Log
,Tony Pérez+ (23),379,10861,R,HR Log
76.,"Mike Trout (14, 32)",378,6647,R,HR Log
,Matt Williams (17),378,7595,R,HR Log
78.,Norm Cash (17),377,7914,L,HR Log
,Jeff Kent (17),377,9537,R,HR Log
80.,Carlton Fisk+ (24),376,9853,R,HR Log
81.,Rocky Colavito (14),374,7559,R,HR Log
82.,Gil Hodges+ (18),370,8104,R,HR Log
83.,Todd Helton+ (17),369,9453,L,HR Log
,Ralph Kiner+ (10),369,6256,R,HR Log
85.,Lance Berkman (15),366,7814,B,HR Log
86.,"Paul Goldschmidt (14, 36)",362,8292,R,HR Log
87.,Joe DiMaggio+ (13),361,7672,R,HR Log
88.,Gary Gaetti (20),360,9817,R,HR Log
89.,Johnny Mize+ (15),359,7372,L,HR Log
90.,Yogi Berra+ (19),358,8364,L,HR Log
,Carlos Lee (14),358,8787,R,HR Log
92.,Joey Votto (17),356,8746,L,HR Log
93.,Greg Vaughn (15),355,7070,R,HR Log
94.,Luis Gonzalez (19),354,10531,L,HR Log
,Lee May (18),354,8219,R,HR Log
96.,Torii Hunter (19),353,9692,R,HR Log
97.,Ryan Braun (14),352,7340,R,HR Log
,Ellis Burks (18),352,8177,R,HR Log
99.,Dick Allen (15),351,7315,R,HR Log
100.,Chili Davis (19),350,9997,B,HR Log
Rank,"Player (yrs, age)",Home Runs,PA,Bats,HR Log
101.,George Foster (18),348,7812,R,HR Log
102.,José Bautista (15),344,7244,R,HR Log
,Curtis Granderson (16),344,8306,L,HR Log
104.,"Freddie Freeman (15, 34)",343,8736,L,HR Log
105.,Evan Longoria (16),342,8206,R,HR Log
,"Manny Machado (13, 31)",342,7517,R,HR Log
,Ron Santo+ (15),342,9397,R,HR Log
108.,"Nolan Arenado (12, 33)",341,7078,R,HR Log
109.,Jack Clark (18),340,8230,R,HR Log
110.,Tino Martinez (16),339,8044,L,HR Log
,Dave Parker (19),339,10184,L,HR Log
,Boog Powell (17),339,7810,L,HR Log
113.,Don Baylor (19),338,9401,R,HR Log
114.,Joe Adcock (17),336,7305,R,HR Log
,"Bryce Harper (13, 31)",336,7085,L,HR Log
116.,Robinson Canó (17),335,9550,L,HR Log
,Darryl Strawberry (17),335,6326,L,HR Log
118.,Moisés Alou (17),332,7913,R,HR Log
,Bobby Bonds (14),332,8090,R,HR Log
120.,Hank Greenberg+ (13),331,6098,R,HR Log
,Derrek Lee (15),331,7963,R,HR Log
,"J.D. Martinez (14, 36)",331,6865,R,HR Log
123.,Shawn Green (15),328,7963,L,HR Log
,Mo Vaughn (12),328,6410,L,HR Log
125.,Jermaine Dye (14),325,7214,R,HR Log
,Willie Horton (18),325,8052,R,HR Log
,Justin Upton (16),325,7649,R,HR Log
128.,Gary Carter+ (19),324,9019,R,HR Log
,Lance Parrish (19),324,7797,R,HR Log
,"Carlos Santana (15, 38)",324,8780,B,HR Log
131.,Ron Gant (16),321,7320,R,HR Log
132.,Vinny Castilla (16),320,7384,R,HR Log
,Troy Glaus (13),320,6355,R,HR Log
134.,Jay Bruce (14),319,6642,L,HR Log
,Cecil Fielder (13),319,5939,R,HR Log
,Prince Fielder (12),319,6853,L,HR Log
,"Andrew McCutchen (16, 37)",319,9156,R,HR Log
138.,Roy Sievers (17),318,7349,R,HR Log
139.,George Brett+ (21),317,11625,L,HR Log
,Adrián González (15),317,8046,L,HR Log
141.,Ron Cey (17),316,8344,R,HR Log
,Matt Holliday (15),316,7981,R,HR Log
,Scott Rolen+ (17),316,8518,R,HR Log
144.,Jeromy Burnitz (14),315,6580,L,HR Log
,"Aaron Judge (9, 32)",315,4323,R,HR Log
146.,Reggie Smith (17),314,8051,B,HR Log
147.,Iván Rodríguez+ (21),311,10270,R,HR Log
148.,Jay Buhner (15),310,5927,R,HR Log
149.,Edgar Martínez+ (18),309,8674,R,HR Log
150.,Greg Luzinski (15),307,7518,R,HR Log
Rank,"Player (yrs, age)",Home Runs,PA,Bats,HR Log
,Al Simmons+ (20),307,9520,R,HR Log
,Miguel Tejada (16),307,9205,R,HR Log
153.,Fred Lynn (17),306,7923,L,HR Log
,Richie Sexson (12),306,5604,R,HR Log
,Rubén Sierra (20),306,8782,B,HR Log
156.,Raúl Ibañez (19),305,8278,L,HR Log
,David Justice (14),305,6602,L,HR Log
,Reggie Sanders (17),305,7043,R,HR Log
159.,Steve Finley (19),304,10460,L,HR Log
160.,"Anthony Rizzo (14, 34)",303,7336,L,HR Log
161.,Rogers Hornsby+ (23),301,9481,R,HR Log
162.,Chuck Klein+ (17),300,7172,L,HR Log
163.,Tim Salmon (14),299,7039,R,HR Log
164.,Mark Reynolds (13),298,6243,R,HR Log
165.,Rickey Henderson+ (25),297,13346,R,HR Log
166.,Chris Davis (13),295,5630,L,HR Log
167.,Magglio Ordóñez (15),294,7745,R,HR Log
,Robin Ventura (16),294,8271,L,HR Log
169.,Kent Hrbek (14),293,7137,L,HR Log
170.,Pat Burrell (12),292,6520,R,HR Log
,Rusty Staub (23),292,11229,L,HR Log
172.,Craig Biggio+ (20),291,12504,R,HR Log
,Jim Wynn (15),291,8011,R,HR Log
174.,Bobby Abreu (18),288,10081,L,HR Log
,Del Ennis (14),288,7944,R,HR Log
,Bob Johnson (13),288,8051,R,HR Log
,Hank Sauer (15),288,5417,R,HR Log
178.,Garret Anderson (17),287,9177,L,HR Log
,Bobby Bonilla (16),287,8257,B,HR Log
,Brian Giles (15),287,7836,L,HR Log
,Matt Kemp (15),287,6983,R,HR Log
,Bernie Williams (16),287,9053,B,HR Log
183.,Carlos Peña (14),286,5893,L,HR Log
,Frank Thomas (16),286,6917,R,HR Log
185.,Will Clark (15),284,8283,L,HR Log
,Eric Karros (14),284,7100,R,HR Log
,"Kyle Schwarber (10, 31)",284,4660,L,HR Log
,Ryan Zimmerman (16),284,7402,R,HR Log
189.,Ken Boyer (15),282,8274,R,HR Log
,Eric Davis (17),282,6147,R,HR Log
,Adam Jones (14),282,7516,R,HR Log
,Brian McCann (15),282,6850,L,HR Log
,Ryne Sandberg+ (16),282,9282,R,HR Log
194.,Paul O'Neill (17),281,8329,L,HR Log
195.,Josh Donaldson (13),279,5856,R,HR Log
,Ted Kluszewski (15),279,6470,L,HR Log
197.,Mike Cameron (17),278,7884,R,HR Log
,Ryan Klesko (16),278,6523,L,HR Log
199.,Rudy York (13),277,6723,R,HR Log
200.,"Eugenio Suárez (11, 32)",276,5970,R,HR Log
Rank,"Player (yrs, age)",Home Runs,PA,Bats,HR Log
201.,Brian Downing (20),275,9309,R,HR Log
,Roger Maris (12),275,5847,L,HR Log
,"Marcell Ozuna (12, 33)",275,6123,R,HR Log
,Dean Palmer (14),275,5513,R,HR Log
,Jorge Posada (17),275,7150,B,HR Log
206.,Dante Bichette (14),274,6856,R,HR Log
207.,Larry Doby+ (17),273,6920,L,HR Log
,"Salvador Perez (13, 34)",273,6263,R,HR Log
209.,Steve Garvey (19),272,9466,R,HR Log
210.,"Mookie Betts (11, 31)",271,6273,R,HR Log
,Tom Brunansky (14),271,7169,R,HR Log
,Raúl Mondesí (13),271,6369,R,HR Log
,Hanley Ramírez (15),271,7127,R,HR Log
,George Scott (14),271,8269,R,HR Log
215.,Vernon Wells (15),270,7212,R,HR Log
216.,Joe Morgan+ (22),268,11329,L,HR Log
,Brooks Robinson+ (23),268,11782,R,HR Log
,Gorman Thomas (13),268,5486,R,HR Log
219.,George Hendrick (18),267,7834,R,HR Log
,Mike Napoli (12),267,5330,R,HR Log
221.,Vic Wertz (17),266,7028,L,HR Log
222.,George Bell (12),265,6592,R,HR Log
,Matt Stairs (19),265,6024,L,HR Log
224.,Bobby Thomson (15),264,6961,R,HR Log
225.,"José Abreu (11, 37)",263,6220,R,HR Log
226.,Danny Tartabull (14),262,5842,R,HR Log
227.,"George Springer (11, 34)",261,5789,R,HR Log
228.,Roy Campanella+ (18),260,5727,R,HR Log
,Eric Chavez (17),260,6228,L,HR Log
,Derek Jeter+ (20),260,12602,R,HR Log
,Javy López (15),260,5793,R,HR Log
,Tim Wallach (17),260,8908,R,HR Log
233.,"Matt Olson (9, 30)",259,4473,L,HR Log
,Chase Utley (16),259,7863,L,HR Log
235.,Ian Kinsler (14),257,8299,R,HR Log
236.,Bob Allison (13),256,5924,R,HR Log
,Larry Parrish (15),256,7451,R,HR Log
,Vada Pinson (18),256,10405,L,HR Log
239.,Kirk Gibson (17),255,6656,L,HR Log
,Adam LaRoche (12),255,6329,L,HR Log
,John Mayberry (15),255,6447,L,HR Log
,John Olerud (17),255,9063,L,HR Log
,"José Ramírez (12, 31)",255,6086,B,HR Log
244.,Joe Gordon+ (11),253,6537,R,HR Log
,Andre Thornton (14),253,6295,R,HR Log
,Todd Zeile (16),253,8649,R,HR Log
247.,Bret Boone (14),252,7433,R,HR Log
,Bobby Murcer (17),252,7718,L,HR Log
,Joe Torre+ (18),252,8802,R,HR Log
250.,Tony Armas (14),251,5502,R,HR Log
Rank,"Player (yrs, age)",Home Runs,PA,Bats,HR Log
,Tony Clark (15),251,5120,B,HR Log
,Cy Williams (19),251,7727,L,HR Log
,Robin Yount+ (20),251,12249,R,HR Log
254.,José Valentín (16),249,6317,B,HR Log
255.,Goose Goslin+ (18),248,9831,L,HR Log
,"Francisco Lindor (10, 30)",248,6116,B,HR Log
,Ted Simmons+ (21),248,9685,B,HR Log
258.,Justin Morneau (14),247,6392,L,HR Log
,Vern Stephens (15),247,7243,R,HR Log
260.,Víctor Martínez (16),246,8166,B,HR Log
,Ken Singleton (15),246,8559,B,HR Log
262.,Deron Johnson (16),245,6620,R,HR Log
,Nick Swisher (12),245,6308,B,HR Log
,Mickey Tettleton (14),245,5745,B,HR Log
265.,Hunter Pence (14),244,7006,R,HR Log
,Lou Whitaker (19),244,9967,L,HR Log
,Hack Wilson+ (12),244,5557,R,HR Log
268.,Dusty Baker (19),242,8022,R,HR Log
,Sal Bando (16),242,8289,R,HR Log
,Wally Berger (11),242,5666,R,HR Log
,J.D. Drew (14),242,6153,L,HR Log
,Aubrey Huff (13),242,6786,L,HR Log
,Kyle Seager (11),242,6204,L,HR Log
,David Wright (14),242,6872,R,HR Log
275.,Jesse Barfield (12),241,5394,R,HR Log
,Cecil Cooper (17),241,7939,L,HR Log
,Rick Monday (19),241,7162,L,HR Log
278.,Jeff Burroughs (16),240,6449,R,HR Log
,Roberto Clemente+ (18),240,10212,R,HR Log
280.,Dolph Camilli (12),239,6354,L,HR Log
,Ken Caminiti (15),239,7127,B,HR Log
282.,Earl Averill+ (13),238,7221,L,HR Log
,Ray Lankford (14),238,6675,L,HR Log
,"Marcus Semien (12, 33)",238,6539,R,HR Log
285.,Doug DeCinces (15),237,6534,R,HR Log
,Gus Zernial (11),237,4562,R,HR Log
287.,Gabby Hartnett+ (20),236,7300,R,HR Log
288.,Johnny Damon (18),235,10917,L,HR Log
,Bill Nicholson (16),235,6420,L,HR Log
,Ben Oglivie (16),235,6598,L,HR Log
,Dan Uggla (10),235,5509,R,HR Log
292.,Carlos González (12),234,5551,L,HR Log
,Gary Matthews (16),234,8189,R,HR Log
,Kevin Mitchell (13),234,4696,R,HR Log
,Paul Molitor+ (21),234,12167,R,HR Log
296.,"Nick Castellanos (12, 32)",233,6361,R,HR Log
,Cliff Floyd (17),233,6063,L,HR Log
298.,Jimmy Rollins (17),231,10240,B,HR Log
299.,Rob Deer (11),230,4513,R,HR Log
300.,"Jose Altuve (14, 34)",229,8042,R,HR Log
Rank,"Player (yrs, age)",Home Runs,PA,Bats,HR Log
,Nomar Garciaparra (14),229,6116,R,HR Log
,Jayson Werth (15),229,6366,R,HR Log
303.,Howard Johnson (14),228,5715,B,HR Log
,Dick Stuart (10),228,4363,R,HR Log
,Hal Trosky (11),228,5750,L,HR Log
306.,"Charlie Blackmon (14, 37)",227,6825,L,HR Log
,Marquis Grissom (17),227,8959,R,HR Log
308.,"Pete Alonso (6, 29)",226,3607,R,HR Log
,Johnny Callison (16),226,7437,L,HR Log
310.,"Shohei Ohtani (7, 29)",225,3602,L,HR Log
,Troy Tulowitzki (13),225,5415,R,HR Log
312.,Bobby Grich (17),224,8220,R,HR Log
313.,Bobby Doerr+ (14),223,8030,R,HR Log
,Travis Fryman (13),223,7217,R,HR Log
,Mike Lowell (13),223,6500,R,HR Log
316.,Jason Bay (11),222,5258,R,HR Log
,Don Mattingly (14),222,7722,L,HR Log
318.,Tony Batista (11),221,4959,R,HR Log
,Khris Davis (9),221,3804,R,HR Log
,Geoff Jenkins (11),221,5254,L,HR Log
321.,Tony Oliva+ (15),220,6880,L,HR Log
322.,Jim Bottomley+ (16),219,8358,L,HR Log
,Al Oliver (18),219,9778,L,HR Log
,Joe Pepitone (12),219,5476,L,HR Log
325.,Shin-Soo Choo (16),218,7157,L,HR Log
,Todd Frazier (11),218,4949,R,HR Log
,Bob Horner (10),218,4213,R,HR Log
,Mark Trumbo (10),218,4419,R,HR Log
329.,Benito Santiago (20),217,7516,R,HR Log
330.,Ron Fairly (21),215,8437,L,HR Log
,Pedro Guerrero (15),215,6115,R,HR Log
,Chet Lemon (16),215,7874,R,HR Log
,Mike Moustakas (13),215,5577,L,HR Log
,Mike Sweeney (16),215,5848,R,HR Log
335.,Jeff Conine (17),214,7782,R,HR Log
,José Guillén (14),214,6418,R,HR Log
337.,Travis Hafner (12),213,4782,L,HR Log
,Kendrys Morales (13),213,5357,B,HR Log
,Andy Pafko (17),213,7028,R,HR Log
340.,Kevin McReynolds (12),211,6039,R,HR Log
,Brandon Phillips (17),211,7992,R,HR Log
,Bill Skowron (14),211,6047,R,HR Log
,Leon Wagner (12),211,4952,L,HR Log
344.,Roberto Alomar+ (17),210,10400,B,HR Log
,Brady Anderson (15),210,7737,L,HR Log
,Rico Petrocelli (13),210,6171,R,HR Log
,Wally Post (15),210,4398,R,HR Log
348.,"Joc Pederson (11, 32)",209,4305,L,HR Log
349.,"Joey Gallo (10, 30)",208,3403,L,HR Log
,Phil Nevin (12),208,4703,R,HR Log
Rank,"Player (yrs, age)",Home Runs,PA,Bats,HR Log
,Jason Thompson (11),208,5686,L,HR Log
,Devon White (17),208,8080,B,HR Log
353.,Kirby Puckett+ (12),207,7831,R,HR Log
,Richie Zisk (13),207,5737,R,HR Log
355.,Felipe Alou (17),206,7908,R,HR Log
,Gus Bell (15),206,7073,L,HR Log
,Pete Incaviglia (12),206,4677,R,HR Log
358.,Joe Medwick+ (17),205,8143,R,HR Log
359.,Rico Carty (15),204,6318,R,HR Log
,José Cruz (12),204,5448,B,HR Log
,Wally Joyner (16),204,8115,L,HR Log
,"Christian Yelich (12, 32)",204,6383,L,HR Log
363.,"Randal Grichuk (11, 32)",203,4540,R,HR Log
,Richie Hebner (18),203,7027,L,HR Log
365.,Bill Dickey+ (17),202,7065,L,HR Log
,Carl Everett (14),202,5395,B,HR Log
,Sid Gordon (13),202,5814,R,HR Log
,Todd Hundley (14),202,4305,B,HR Log
,Jhonny Peralta (15),202,7319,R,HR Log
,Bill White (13),202,6680,L,HR Log
371.,Buddy Bell (18),201,10009,R,HR Log
,"Juan Soto (7, 25)",201,4088,L,HR Log
,Gene Tenace (15),201,5527,R,HR Log
374.,"Rafael Devers (8, 27)",200,4215,L,HR Log
,Bill Freehan (15),200,6900,R,HR Log
,Oscar Gamble (17),200,5197,L,HR Log
,Josh Hamilton (9),200,4350,L,HR Log
,Adam Lind (12),200,5029,L,HR Log
,Don Mincher (13),200,4726,L,HR Log
,"Corey Seager (10, 30)",200,4442,L,HR Log
381.,César Cedeño (17),199,8133,R,HR Log
,Jackie Jensen (11),199,6080,R,HR Log
,Juan Uribe (16),199,6715,R,HR Log
384.,Eric Hosmer (13),198,6977,L,HR Log
,Barry Larkin+ (19),198,9057,R,HR Log
,"Justin Turner (16, 39)",198,6311,R,HR Log
,Rondell White (15),198,5852,R,HR Log
388.,Michael Cuddyer (15),197,6102,R,HR Log
,Dave Henderson (14),197,5677,R,HR Log
,Dick McAuliffe (16),197,7162,L,HR Log
391.,"Cody Bellinger (8, 28)",196,4109,L,HR Log
,Cliff Johnson (15),196,4603,R,HR Log
,Justin Smoak (11),196,4750,B,HR Log
,Ken Williams (14),196,5625,L,HR Log
395.,Jay Bell (18),195,8525,R,HR Log
,Asdrúbal Cabrera (15),195,7401,B,HR Log
,"Adam Duvall (11, 35)",195,3723,R,HR Log
,Toby Harrah (17),195,8767,R,HR Log
,Minnie Miñoso+ (20),195,8233,R,HR Log
,"Max Muncy (9, 33)",195,3592,L,HR Log
Rank,"Player (yrs, age)",Home Runs,PA,Bats,HR Log
,Josh Willingham (11),195,4616,R,HR Log
402.,Brandon Belt (13),194,5483,L,HR Log
,Russell Branyan (14),194,3398,L,HR Log
,"Yasmani Grandal (13, 35)",194,4885,B,HR Log
,Jeff Heath (14),194,5561,L,HR Log
406.,Amos Otis (17),193,8247,R,HR Log
,Jason Varitek (15),193,5839,B,HR Log
408.,Brian Dozier (9),192,4900,R,HR Log
,Ray Durham (14),192,8423,B,HR Log
,Carl Furillo (15),192,7022,R,HR Log
,"Teoscar Hernández (9, 31)",192,3861,R,HR Log
,"Hunter Renfroe (9, 32)",192,3655,R,HR Log
,Al Rosen (10),192,4374,R,HR Log
414.,"Alex Bregman (9, 30)",191,4832,R,HR Log
,Russell Martin (14),191,6648,R,HR Log
,Hal McRae (19),191,8059,R,HR Log
,"Jorge Soler (11, 32)",191,4047,R,HR Log
,Chris Young (13),191,5316,R,HR Log
419.,Glenn Davis (10),190,4189,R,HR Log
,Alex Gordon (14),190,7250,L,HR Log
,Willie Jones (15),190,6718,R,HR Log
,Ernie Lombardi+ (17),190,6353,R,HR Log
423.,Bob Bailey (17),189,7043,R,HR Log
,Charlie Keller (13),189,4604,L,HR Log
,Nick Markakis (15),189,9321,L,HR Log
,J.T. Snow (16),189,6553,L,HR Log
,Preston Wilson (10),189,4436,R,HR Log
428.,J.J. Hardy (13),188,6309,R,HR Log
,A.J. Pierzynski (19),188,7815,L,HR Log
,Darrell Porter (17),188,6570,L,HR Log
,B.J. Surhoff (19),188,9106,L,HR Log
432.,"Carlos Correa (10, 29)",187,4760,R,HR Log
,C.J. Cron (10),187,4043,R,HR Log
,Bobby Higginson (11),187,5664,L,HR Log
,Mike Stanley (15),187,4989,R,HR Log
,Turkey Stearnes+ (18),187,4279,L,HR Log
437.,Rich Aurilia (15),186,6278,R,HR Log
,"Xander Bogaerts (12, 31)",186,6517,R,HR Log
,Glenallen Hill (13),186,4033,R,HR Log
,Mitch Moreland (12),186,4536,L,HR Log
441.,Chris Chambliss (17),185,8314,L,HR Log
,Alan Trammell+ (20),185,9376,R,HR Log
,Michael Young (14),185,8612,R,HR Log
444.,"Kris Bryant (10, 32)",184,4509,R,HR Log
,Charlie Gehringer+ (19),184,10245,L,HR Log
,"Jason Heyward (15, 34)",184,6900,L,HR Log
,Brian Jordan (15),184,5646,R,HR Log
,"Gary Sánchez (10, 31)",184,3212,R,HR Log
,Bob Watson (19),184,6962,R,HR Log
450.,Harry Heilmann+ (17),183,8972,R,HR Log
Rank,"Player (yrs, age)",Home Runs,PA,Bats,HR Log
,Tommy Henrich (11),183,5411,L,HR Log
452.,"Matt Chapman (8, 31)",182,4235,R,HR Log
,Willie Davis (18),182,9822,L,HR Log
454.,"Javier Báez (11, 31)",181,4681,R,HR Log
,Steve Balboni (11),181,3440,R,HR Log
,Ian Desmond (11),181,5944,R,HR Log
,Babe Herman (13),181,6230,L,HR Log
458.,Sam Chapman (11),180,5600,R,HR Log
,Mule Suttles+ (21),180,3623,R,HR Log
460.,Kole Calhoun (12),179,4988,L,HR Log
,"Matt Carpenter (14, 38)",179,5773,L,HR Log
,Del Crandall (16),179,5584,R,HR Log
,Jim Gentile (9),179,3479,L,HR Log
,Woodie Held (14),179,4647,R,HR Log
,Joe Rudi (16),179,6077,R,HR Log
,"Trevor Story (9, 31)",179,3806,R,HR Log
467.,Harlond Clift (12),178,6895,R,HR Log
,Tony Lazzeri+ (14),178,7314,R,HR Log
,Rougned Odor (10),178,4424,L,HR Log
470.,Ron Kittle (10),176,3013,R,HR Log
,Yadier Molina (19),176,8554,R,HR Log
,Don Money (16),176,6998,R,HR Log
473.,Hideki Matsui (10),175,5066,L,HR Log
474.,Bill Buckner (22),174,10037,L,HR Log
,"Rhys Hoskins (7, 31)",174,3394,R,HR Log
,Jonathan Schoop (11),174,4616,R,HR Log
477.,Nate Colbert (10),173,3863,R,HR Log
,Walker Cooper (18),173,5082,R,HR Log
,Julio Franco (23),173,9731,R,HR Log
,Mark Grace (16),173,9290,L,HR Log
481.,Eddie Robinson (13),172,4893,L,HR Log
,Mickey Vernon (20),172,9839,L,HR Log
483.,"Josh Bell (9, 31)",171,4626,B,HR Log
,Richard Hidalgo (9),171,3929,R,HR Log
,Melvin Mora (13),171,6158,R,HR Log
,"Trea Turner (10, 31)",171,4967,R,HR Log
,Dmitri Young (13),171,5253,B,HR Log
488.,Joe Cronin+ (20),170,8840,R,HR Log
,Bob Elliott (15),170,8207,R,HR Log
,Jim Ray Hart (12),170,4236,R,HR Log
,Kevin Millar (12),170,5382,R,HR Log
,Tim Raines+ (23),170,10359,B,HR Log
493.,Ramón Hernández (15),169,5701,R,HR Log
,Lloyd Moseby (12),169,6574,L,HR Log
,Pete O'Brien (12),169,6168,L,HR Log
,Alex Ríos (12),169,6929,R,HR Log
,"Eddie Rosario (10, 32)",169,4347,L,HR Log
,Enos Slaughter+ (19),169,9087,L,HR Log
,Ty Wigginton (12),169,4949,R,HR Log
500.,José Hernández (15),168,5089,R,HR Log
Rank,"Player (yrs, age)",Home Runs,PA,Bats,HR Log
,Elston Howard (15),168,5929,R,HR Log
,"J.T. Realmuto (11, 33)",168,4992,R,HR Log
,Al Smith (15),168,6331,R,HR Log
504.,Casey Blake (13),167,5091,R,HR Log
,"Michael Conforto (9, 31)",167,3938,L,HR Log
,Charles Johnson (12),167,4386,R,HR Log
,Gus Triandos (13),167,4426,R,HR Log
,Ben Zobrist (14),167,6836,B,HR Log
509.,Tony Conigliaro (8),166,3591,R,HR Log
,Josh Gibson+ (14),166,2526,R,HR Log
,Larry Hisle (14),166,4780,R,HR Log
,Dwayne Murphy (12),166,5242,L,HR Log
,Colby Rasmus (10),166,4119,L,HR Log
,Bill Robinson (16),166,4730,R,HR Log
,Paul Sorrento (11),166,3890,L,HR Log
516.,"Ronald Acuña Jr. (7, 26)",165,3254,R,HR Log
,Yoenis Céspedes (8),165,3490,R,HR Log
,José Cruz (19),165,8931,L,HR Log
,Jacque Jones (10),165,4993,L,HR Log
520.,"Yordan Alvarez (6, 27)",164,2668,L,HR Log
,Hank Bauer (14),164,5778,R,HR Log
,Eduardo Escobar (13),164,5121,B,HR Log
,Chick Hafey+ (13),164,5116,R,HR Log
,Jim Lemon (12),164,3873,R,HR Log
,"Miguel Sanó (9, 31)",164,2954,R,HR Log
,Andy Seminick (15),164,4575,R,HR Log
,B.J. Upton (12),164,5858,R,HR Log
,Andy Van Slyke (13),164,6495,L,HR Log
,Claudell Washington (17),164,7367,L,HR Log
530.,Don Demeter (11),163,3730,R,HR Log
,Damion Easley (17),163,6211,R,HR Log
,Ken Keltner (13),163,6316,R,HR Log
,Bill Madlock (15),163,7372,R,HR Log
,Roy Smalley (13),163,6596,B,HR Log
535.,Pedro Álvarez (9),162,3321,L,HR Log
,Clete Boyer (16),162,6368,R,HR Log
,Andre Ethier (12),162,5425,L,HR Log
,Jonny Gomes (13),162,4009,R,HR Log
,Corey Hart (11),162,4114,R,HR Log
,Keith Hernandez (17),162,8553,L,HR Log
,Aaron Hill (13),162,6217,R,HR Log
,Terry Steinbach (14),162,5905,R,HR Log
543.,"Max Kepler (10, 31)",161,4251,L,HR Log
,Juan Samuel (16),161,6664,R,HR Log
,Rickie Weeks (14),161,5112,R,HR Log
546.,Alvin Davis (9),160,5010,L,HR Log
,Jeff Francoeur (12),160,5661,R,HR Log
,"Vladimir Guerrero Jr. (6, 25)",160,3540,R,HR Log
,Bill Melton (10),160,4558,R,HR Log
,Brandon Moss (11),160,3521,L,HR Log
Rank,"Player (yrs, age)",Home Runs,PA,Bats,HR Log
,Tony Phillips (18),160,9110,B,HR Log
,Henry Rodríguez (11),160,3343,L,HR Log
,Pete Rose (24),160,15890,B,HR Log
,Frank White (18),160,8468,R,HR Log
,Roy White (15),160,7736,B,HR Log
556.,Marlon Byrd (15),159,6123,R,HR Log
,Donn Clendenon (12),159,5112,R,HR Log
,Jim Hickman (13),159,4536,R,HR Log
559.,Chris Carter (8),158,2853,R,HR Log
,Buster Posey (12),158,5607,R,HR Log
,"Anthony Rendon (12, 34)",158,5022,R,HR Log
562.,Álex González (16),157,6248,R,HR Log
563.,Lucas Duda (10),156,3581,L,HR Log
,Juan Encarnación (11),156,5095,R,HR Log
,Ken McMullen (16),156,5731,R,HR Log
,Bob Meusel (11),156,6031,R,HR Log
,Wil Myers (11),156,4290,R,HR Log
568.,Ed Bailey (14),155,4212,L,HR Log
,Kelly Johnson (11),155,5139,L,HR Log
,Sherm Lollar (18),155,6221,R,HR Log
,Davey Lopes (16),155,7340,R,HR Log
,Doug Rader (11),155,5832,R,HR Log
,"Anthony Santander (8, 29)",155,3115,B,HR Log
574.,Jeff King (11),154,4812,R,HR Log
,Ryan Ludwick (12),154,3986,R,HR Log
,"Starling Marte (13, 35)",154,5978,R,HR Log
,Carlos Quentin (9),154,3247,R,HR Log
,Bill Terry+ (14),154,7111,L,HR Log
579.,Hank Blalock (9),153,3928,L,HR Log
,Tommy Davis (18),153,7739,R,HR Log
,Dan Driessen (15),153,6344,L,HR Log
,"Wilmer Flores (12, 32)",153,4243,R,HR Log
,Jim Northrup (12),153,5215,L,HR Log
,"Austin Riley (6, 27)",153,3042,R,HR Log
,Pablo Sandoval (14),153,5052,B,HR Log
,Tom Tresh (9),153,4897,B,HR Log
587.,"Willson Contreras (9, 32)",152,3712,R,HR Log
,Walt Dropo (13),152,4522,R,HR Log
,Ken Griffey (19),152,8049,L,HR Log
,Brandon Inge (13),152,5617,R,HR Log
,Ed Sprague (11),152,4587,R,HR Log
592.,Ray Boone (13),151,5299,R,HR Log
,Jim Fregosi (18),151,7404,R,HR Log
,Chris Hoiles (10),151,3339,R,HR Log
,Carney Lansford (15),151,7905,R,HR Log
,Lyle Overbay (14),151,5802,L,HR Log
597.,"Willy Adames (7, 28)",150,3610,R,HR Log
,Shawon Dunston (18),150,6276,R,HR Log
,"Ian Happ (8, 29)",150,3786,B,HR Log
,Mike Lieberthal (14),150,4695,R,HR Log
Rank,"Player (yrs, age)",Home Runs,PA,Bats,HR Log
,Grady Sizemore (10),150,4724,L,HR Log
,Kevin Youkilis (10),150,4436,R,HR Log
603.,Lou Brock+ (19),149,11240,L,HR Log
,Hubie Brooks (15),149,6476,R,HR Log
,Matt Joyce (14),149,4355,L,HR Log
,Cory Snyder (9),149,3933,R,HR Log
,Earl Torgeson (15),149,6046,L,HR Log
,Neil Walker (12),149,5152,B,HR Log
,Mike Zunino (11),149,3098,R,HR Log
610.,George Kelly+ (16),148,6570,R,HR Log
,Willie Kirkland (9),148,3882,L,HR Log
,Sixto Lezcano (12),148,4814,R,HR Log
,Mike Marshall (11),148,3908,R,HR Log
,Charlie Maxwell (14),148,3796,L,HR Log
615.,Billy Butler (10),147,5686,R,HR Log
,"Brandon Crawford (14, 37)",147,6318,L,HR Log
,Leon Durham (10),147,4067,L,HR Log
,Ruppert Jones (12),147,5041,L,HR Log
,"Christian Walker (10, 33)",147,3270,R,HR Log
,Gene Woodling (17),147,6618,L,HR Log
621.,Edgardo Alfonzo (12),146,6108,R,HR Log
,Tommy Harper (15),146,7164,R,HR Log
,Candy Maldonado (15),146,4590,R,HR Log
,Josh Reddick (13),146,4879,L,HR Log
,Jim Spencer (15),146,5409,L,HR Log
,Matt Wieters (12),146,4428,B,HR Log
627.,Carlos Gómez (13),145,5227,R,HR Log
,Miguel Olivo (13),145,3993,R,HR Log
,AJ Pollock (12),145,4152,R,HR Log
,José Reyes (16),145,8240,B,HR Log
631.,Melky Cabrera (15),144,7527,B,HR Log
,Charlie Hayes (14),144,5766,R,HR Log
,Jeffrey Leonard (14),144,5476,R,HR Log
,Bengie Molina (13),144,5159,R,HR Log
,Lee Stevens (10),144,3724,L,HR Log
,Hank Thompson (12),144,4217,L,HR Log
,Kevin Young (12),144,4352,R,HR Log
638.,Oscar Charleston+ (17),143,3885,L,HR Log
,Von Hayes (12),143,6052,L,HR Log
,"Ketel Marte (10, 30)",143,4536,B,HR Log
,Joe Mauer+ (15),143,7960,L,HR Log
,Kurt Suzuki (16),143,6163,R,HR Log
643.,Wally Moon (12),142,5567,L,HR Log
644.,"Ozzie Albies (8, 27)",141,3804,B,HR Log
,Scott Brosius (11),141,4356,R,HR Log
,Chris Iannetta (14),141,4253,R,HR Log
,Bo Jackson (8),141,2626,R,HR Log
,John Jaha (10),141,3285,R,HR Log
,Jackie Robinson+ (11),141,5941,R,HR Log
650.,Joe Crede (10),140,3377,R,HR Log
Rank,"Player (yrs, age)",Home Runs,PA,Bats,HR Log
,"Paul DeJong (8, 30)",140,3292,R,HR Log
,Pedro Feliz (11),140,4544,R,HR Log
,"Avisaíl García (13, 33)",140,4298,R,HR Log
,Pinky Higgins (14),140,7558,R,HR Log
,Jason Kubel (10),140,3883,L,HR Log
,Logan Morrison (11),140,3779,L,HR Log
,Dustin Pedroia (14),140,6777,R,HR Log
,Terry Pendleton (15),140,7637,B,HR Log
,Édgar Rentería (16),140,9066,R,HR Log
,"Dansby Swanson (9, 30)",140,4618,R,HR Log
,Willie Wells+ (21),140,4471,R,HR Log
662.,John Briggs (12),139,4838,L,HR Log
,Brett Gardner (14),139,6614,L,HR Log
,Evan Gattis (6),139,2662,R,HR Log
,Monte Irvin+ (18),139,4062,R,HR Log
,Willie Montañez (14),139,6407,L,HR Log
,"Tommy Pham (11, 36)",139,4379,R,HR Log
,David Segui (15),139,5451,B,HR Log
,Eddie Yost (18),139,9177,R,HR Log
670.,José Cardenal (18),138,7698,R,HR Log
,Starlin Castro (12),138,6579,R,HR Log
,Roger Connor+ (18),138,8847,B,HR Log
,Matt Lawton (12),138,5570,L,HR Log
,Bill Mazeroski+ (17),138,8379,R,HR Log
,Daniel Murphy (12),138,5755,L,HR Log
,"Gleyber Torres (7, 27)",138,3673,R,HR Log
,Earl Williams (8),138,3431,R,HR Log
678.,Steve Buechele (11),137,4790,R,HR Log
,Darren Daulton (14),137,4340,L,HR Log
,"Yan Gomes (13, 36)",137,4082,R,HR Log
,Alex Gonzalez (13),137,5528,R,HR Log
,Eric Hinske (12),137,4310,L,HR Log
,Trot Nixon (12),137,4224,L,HR Log
684.,Rod Barajas (14),136,3784,R,HR Log
,Carl Crawford (15),136,7178,L,HR Log
,Corey Dickerson (11),136,3938,L,HR Log
,Jack Fournier (15),136,6034,L,HR Log
,Davey Johnson (13),136,5465,R,HR Log
,Héctor López (12),136,5181,R,HR Log
,Matt Nokes (11),136,2997,L,HR Log
,Wilson Ramos (12),136,3786,R,HR Log
,Aaron Rowand (11),136,4817,R,HR Log
693.,Ripper Collins (9),135,4205,B,HR Log
,Tony Gwynn+ (20),135,10232,L,HR Log
,Travis Jackson+ (15),135,6682,R,HR Log
,George McQuinn (12),135,6597,L,HR Log
,Jim Presley (8),135,3818,R,HR Log
,Luke Scott (9),135,3193,L,HR Log
699.,Carlos Baerga (14),134,5895,B,HR Log
,Derek Bell (11),134,5068,R,HR Log
Rank,"Player (yrs, age)",Home Runs,PA,Bats,HR Log
,Paul Blair (17),134,6673,R,HR Log
,John Buck (11),134,4009,R,HR Log
,Didi Gregorius (11),134,4259,L,HR Log
,Tom Haller (12),134,4520,L,HR Log
,Mel Hall (13),134,4575,L,HR Log
,Eddie Joost (17),134,6791,R,HR Log
,Mike Pagliarulo (11),134,4317,L,HR Log
,Ernie Whitt (15),134,4271,L,HR Log
709.,"Byron Buxton (10, 30)",133,2875,R,HR Log
,Mack Jones (10),133,3584,L,HR Log
,Frank Malzone (12),133,5869,R,HR Log
712.,Dale Long (10),132,3431,L,HR Log
,Al Martin (11),132,4688,L,HR Log
,Yasiel Puig (7),132,3376,R,HR Log
,Juan Rivera (12),132,3787,R,HR Log
,Cody Ross (12),132,3806,R,HR Log
,Norm Siebern (12),132,5269,L,HR Log
,Zack Wheat+ (19),132,10007,L,HR Log
719.,Wes Covington (11),131,3291,L,HR Log
,Ken Harrelson (9),131,3364,R,HR Log
,Joe Kuhel (18),131,9097,L,HR Log
,John Milner (12),131,3985,L,HR Log
723.,Tommie Agee (12),130,4324,R,HR Log
,Sean Casey (12),130,5644,L,HR Log
,Coco Crisp (15),130,6627,B,HR Log
,Mike Epstein (9),130,3393,L,HR Log
,Maikel Franco (9),130,3573,R,HR Log
,Mike Greenwell (12),130,5166,L,HR Log
,"Mitch Haniger (8, 33)",130,3089,R,HR Log
,Chase Headley (12),130,5761,B,HR Log
,Steve Kemp (11),130,4714,L,HR Log
,Kenny Lofton (17),130,9235,L,HR Log
,Willard Marshall (11),130,4737,L,HR Log
,Jorge Orta (16),130,6458,L,HR Log
,Gary Ward (12),130,4892,R,HR Log
736.,Michael Brantley (15),129,6149,L,HR Log
,Mike Macfarlane (13),129,4047,R,HR Log
,"Trey Mancini (7, 32)",129,3382,R,HR Log
,John Romano (10),129,3256,R,HR Log
740.,Kiki Cuyler+ (18),128,8100,R,HR Log
,Frank McCormick (13),128,6207,R,HR Log
,"Jorge Polanco (11, 30)",128,3998,B,HR Log
,José Vidro (12),128,5708,B,HR Log
744.,Jody Davis (10),127,3984,R,HR Log
,Dexter Fowler (14),127,5902,B,HR Log
,Jay Gibbons (9),127,3177,L,HR Log
,Howie Kendrick (15),127,6421,R,HR Log
,Mark Kotsay (17),127,7110,L,HR Log
,Troy O'Leary (11),127,4418,L,HR Log
,"Fernando Tatis Jr. (5, 25)",127,2248,R,HR Log
Rank,"Player (yrs, age)",Home Runs,PA,Bats,HR Log
,Wally Westlake (10),127,3496,R,HR Log
752.,Aaron Boone (12),126,4333,R,HR Log
,Smoky Burgess (18),126,5014,L,HR Log
,Al Dark (14),126,7833,R,HR Log
,Gregg Jefferies (14),126,6072,B,HR Log
,Jason Kipnis (10),126,4984,L,HR Log
,"Brandon Lowe (7, 29)",126,2441,L,HR Log
,Miguel Montero (13),126,4343,L,HR Log
,Vic Power (12),126,6461,R,HR Log
,Pee Wee Reese+ (16),126,9472,R,HR Log
,Seth Smith (11),126,4084,L,HR Log
,Sam Thompson+ (15),126,6526,L,HR Log
763.,Milton Bradley (12),125,4181,B,HR Log
,Vince DiMaggio (10),125,4313,R,HR Log
,Tito Francona (15),125,5777,L,HR Log
,Bill Hall (11),125,3674,R,HR Log
,Bob Nieman (12),125,3947,R,HR Log
,"David Peralta (11, 36)",125,4590,L,HR Log
,"Kyle Tucker (7, 27)",125,2561,L,HR Log
,Michael Tucker (12),125,4686,L,HR Log
771.,Darin Erstad (14),124,6628,L,HR Log
,Darrin Fletcher (14),124,4271,L,HR Log
,Carlos Guillén (14),124,5277,B,HR Log
,Brad Hawpe (9),124,3401,L,HR Log
,Roberto Kelly (14),124,5243,R,HR Log
,Corey Koskie (9),124,3950,L,HR Log
,"DJ LeMahieu (14, 35)",124,6680,R,HR Log
,"Ryan McMahon (8, 29)",124,3423,L,HR Log
,Aurelio Rodríguez (17),124,7085,R,HR Log
,John Valentin (11),124,4511,R,HR Log
,Gee Walker (15),124,7213,R,HR Log
782.,David Bell (12),123,5381,R,HR Log
,Orlando Cabrera (15),123,8255,R,HR Log
,"Travis d'Arnaud (12, 35)",123,3332,R,HR Log
,Stephen Drew (12),123,4917,L,HR Log
,Brad Miller (11),123,3531,L,HR Log
,Ken Phelps (11),123,2287,L,HR Log
,Joe Randa (12),123,6007,R,HR Log
,Willie Upshaw (10),123,4736,L,HR Log
,Ellis Valentine (10),123,3392,R,HR Log
791.,Jeff Blauser (13),122,5271,R,HR Log
,Wil Cordero (14),122,4738,R,HR Log
,Marty Cordova (9),122,3835,R,HR Log
,Nick Esasky (8),122,3064,R,HR Log
,Joe Ferguson (14),122,3624,R,HR Log
,"Adolis García (6, 31)",122,2572,R,HR Log
,Ken Henderson (16),122,5227,B,HR Log
,Garrett Jones (8),122,3228,L,HR Log
,Don Lock (8),122,3116,R,HR Log
,"Bryan Reynolds (6, 29)",122,3346,B,HR Log
Rank,"Player (yrs, age)",Home Runs,PA,Bats,HR Log
,Harry Stovey (14),122,6848,R,HR Log
,Brad Wilkerson (8),122,3753,L,HR Log
803.,Dan Ford (11),121,4582,R,HR Log
,Wayne Gross (11),121,3680,L,HR Log
,Jedd Gyorko (8),121,2983,R,HR Log
,Jimmie Hall (8),121,3169,L,HR Log
,Austin Kearns (12),121,4179,R,HR Log
,Jed Lowrie (14),121,5196,B,HR Log
,Keith Moreland (12),121,5082,R,HR Log
,Gary Roenicke (12),121,3204,R,HR Log
811.,"Mark Canha (10, 35)",120,4003,R,HR Log
,"Enrique Hernández (11, 32)",120,3896,R,HR Log
,Brook Jacoby (11),120,5027,R,HR Log
,Marty McManus (15),120,7567,R,HR Log
815.,Zeke Bonura (7),119,4029,R,HR Log
,Mickey Cochrane+ (13),119,6211,L,HR Log
,Gavy Cravath (11),119,4663,R,HR Log
,Rusty Greer (9),119,4420,L,HR Log
,Frankie Hayes (14),119,5129,R,HR Log
,Jay Payton (12),119,4490,R,HR Log
,Scott Spiezio (12),119,4413,B,HR Log
,Robby Thompson (11),119,5235,R,HR Log
823.,Matt Adams (10),118,2614,L,HR Log
,Kevin Bass (14),118,5291,B,HR Log
,Wade Boggs+ (18),118,10740,L,HR Log
,Leo Cárdenas (16),118,7402,R,HR Log
,Mike Easler (14),118,4061,L,HR Log
,Bernard Gilkey (12),118,4626,R,HR Log
,Ben Grieve (9),118,3743,L,HR Log
,Ed Kranepool (18),118,5997,L,HR Log
,Corey Patterson (12),118,4499,L,HR Log
,Jimmy Ryan (18),118,9127,R,HR Log
,Tillie Walker (13),118,5679,R,HR Log
834.,Ty Cobb+ (24),117,13103,L,HR Log
,Kelly Gruber (10),117,3442,R,HR Log
,Jim King (11),117,3339,L,HR Log
,Chet Laabs (11),117,3539,R,HR Log
,Garry Maddox (15),117,6777,R,HR Log
,Dan Pasqua (10),117,3000,L,HR Log
,Tris Speaker+ (22),117,12020,L,HR Log
,Mickey Stanley (15),117,5477,R,HR Log
,Ichiro Suzuki (19),117,10734,L,HR Log
843.,Stan Lopata (13),116,3035,R,HR Log
,John Lowenstein (16),116,3989,L,HR Log
,Bing Miller (16),116,6896,R,HR Log
,Rick Reichardt (11),116,3686,R,HR Log
,Chris Sabo (9),116,3714,R,HR Log
848.,Gene Freese (12),115,3784,R,HR Log
,Don Hurst (7),115,3762,L,HR Log
,Travis Lee (9),115,4233,L,HR Log
Rank,"Player (yrs, age)",Home Runs,PA,Bats,HR Log
,Jerry Lynch (13),115,3145,L,HR Log
,"Martín Maldonado (14, 37)",115,3867,R,HR Log
,Craig Monroe (9),115,2924,R,HR Log
,Alexei Ramírez (9),115,5505,R,HR Log
,Bob Robertson (11),115,2742,R,HR Log
,Shannon Stewart (14),115,6205,R,HR Log
,Marcus Thames (10),115,2016,R,HR Log
858.,Jesús Aguilar (10),114,2658,R,HR Log
,Ronnie Belliard (13),114,5641,R,HR Log
,Brad Fullmer (8),114,3065,L,HR Log
,Whitey Lockman (15),114,6592,L,HR Log
,"Kevin Pillar (12, 35)",114,4366,R,HR Log
,Travis Shaw (8),114,2690,L,HR Log
,Luis Valbuena (11),114,3571,L,HR Log
865.,David Freese (11),113,4229,R,HR Log
,Rafael Furcal (14),113,7237,B,HR Log
,Chuck Hinton (11),113,4455,R,HR Log
,Terry Kennedy (14),113,5421,L,HR Log
,Thurman Munson (11),113,5905,R,HR Log
,Lefty O'Doul (11),113,3660,L,HR Log
,Fernando Tatís (11),113,3468,R,HR Log
,Greg Walker (9),113,3177,L,HR Log
,Paul Waner+ (20),113,10767,L,HR Log
874.,Sandy Alomar (20),112,4865,R,HR Log
,Curt Blefary (8),112,3490,L,HR Log
,Jackie Brandt (11),112,4318,R,HR Log
,Jeff Cirillo (14),112,6136,R,HR Log
,Dave Hollins (12),112,3911,B,HR Log
,Gil McDougald (10),112,5398,R,HR Log
,Jim Morrison (12),112,3695,R,HR Log
,Chris Speier (19),112,8155,R,HR Log
882.,Max Alvis (9),111,3984,R,HR Log
,Greg Gagne (15),111,6209,R,HR Log
,"Jurickson Profar (11, 31)",111,4291,B,HR Log
,"Will Smith (6, 29)",111,2510,R,HR Log
886.,Willie Aikens (8),110,2856,L,HR Log
,Greg Brock (10),110,3695,L,HR Log
,Royce Clayton (17),110,8164,R,HR Log
,Roy Cullenbine (10),110,4787,B,HR Log
,Morgan Ensberg (8),110,2580,R,HR Log
,"Lourdes Gurriel Jr. (7, 30)",110,3009,R,HR Log
,Jeffrey Hammonds (13),110,3404,R,HR Log
,Heinie Manush+ (17),110,8422,L,HR Log
,"Brandon Nimmo (9, 31)",110,3713,L,HR Log
,Jarrod Saltalamacchia (12),110,3191,B,HR Log
,"Jean Segura (12, 34)",110,5937,R,HR Log
,Randy Winn (13),110,6878,B,HR Log
898.,"Jackie Bradley Jr. (11, 34)",109,4192,L,HR Log
,Eric Byrnes (11),109,3532,R,HR Log
,"Brandon Drury (10, 31)",109,3159,R,HR Log
Rank,"Player (yrs, age)",Home Runs,PA,Bats,HR Log
,Dave Duncan (11),109,3192,R,HR Log
,Freddy Galvis (10),109,4238,B,HR Log
,Phil Garner (16),109,6861,R,HR Log
,"Aaron Hicks (12, 34)",109,3651,B,HR Log
,"Tyler O'Neill (7, 29)",109,2109,R,HR Log
,Delmon Young (10),109,4371,R,HR Log
907.,"Jeimer Candelario (9, 30)",108,3499,B,HR Log
,Al Cowens (13),108,6038,R,HR Log
,Jimmy Dykes (22),108,9353,R,HR Log
,Shea Hillenbrand (7),108,3816,R,HR Log
,Jack Howell (11),108,2982,L,HR Log
,James Loney (11),108,5487,L,HR Log
,Jonathan Lucroy (12),108,4591,R,HR Log
,Carmelo Martínez (9),108,3356,R,HR Log
,Gary Matthews (12),108,4617,B,HR Log
,Ron Northey (12),108,3567,L,HR Log
,Franmil Reyes (6),108,2078,R,HR Log
,George Selkirk (9),108,3323,L,HR Log
,Geovany Soto (13),108,2876,R,HR Log
,"Chris Taylor (11, 33)",108,3784,R,HR Log
,Shane Victorino (12),108,5164,R,HR Log
,Fred Whitfield (9),108,2465,L,HR Log
923.,Dan Brouthers+ (19),107,7691,L,HR Log
,Marwin González (11),107,3882,B,HR Log
,Larry Herndon (14),107,5319,R,HR Log
,Danny Litwhiler (11),107,3862,R,HR Log
,Tony Peña (18),107,7073,R,HR Log
,Todd Walker (12),107,5055,L,HR Log
929.,Frank Bolling (12),106,6190,R,HR Log
,Rico Brogna (9),106,3223,L,HR Log
,Bruce Campbell (13),106,5370,L,HR Log
,Hugh Duffy+ (17),106,7842,R,HR Log
,Scott Hairston (11),106,2660,R,HR Log
,Ron Hansen (15),106,4964,R,HR Log
,Scott Hatteberg (14),106,4876,L,HR Log
,Whitey Kurowski (9),106,3693,R,HR Log
,Irish Meusel (11),106,5311,R,HR Log
,Trevor Plouffe (9),106,3234,R,HR Log
,Rip Repulski (9),106,3379,R,HR Log
,David Ross (15),106,2644,R,HR Log
,Lee Thomas (8),106,3731,L,HR Log
,Mike Tiernan (13),106,6732,L,HR Log
,"Mike Yastrzemski (6, 33)",106,2581,L,HR Log
944.,Alex Avila (13),105,3638,L,HR Log
,Bob Boone (19),105,8148,R,HR Log
,Bob Cerv (12),105,2517,R,HR Log
,Jack Cust (10),105,2581,L,HR Log
,Mike Devereaux (12),105,4102,R,HR Log
,Mark Ellis (12),105,5728,R,HR Log
,Frankie Frisch+ (19),105,10101,B,HR Log
Rank,"Player (yrs, age)",Home Runs,PA,Bats,HR Log
,George Grantham (13),105,5900,L,HR Log
,Mike Morse (13),105,2813,R,HR Log
,Dave Nilsson (8),105,3153,L,HR Log
,Daryl Spencer (10),105,4208,R,HR Log
,"Rowdy Tellez (7, 29)",105,2305,L,HR Log
,Dixie Walker (18),105,7669,L,HR Log
,Mark Whiten (11),105,3523,B,HR Log
958.,Earl Battey (13),104,4105,R,HR Log
,Iván Calderón (10),104,3672,R,HR Log
,Jorge Cantú (8),104,3395,R,HR Log
,Kal Daniels (7),104,2739,L,HR Log
,Ryan Doumit (10),104,3407,B,HR Log
,Luke Easter (8),104,2355,L,HR Log
,Jacoby Ellsbury (11),104,5375,L,HR Log
,Granny Hamner (17),104,6293,R,HR Log
,David Murphy (10),104,3847,L,HR Log
,Xavier Nady (12),104,3241,R,HR Log
,Jim Piersall (17),104,6593,R,HR Log
,Plácido Polanco (16),104,7887,R,HR Log
,John Roseboro (14),104,5529,L,HR Log
,Franklin Stubbs (10),104,2899,L,HR Log
,Jim Tabor (9),104,4136,R,HR Log
973.,Dick Gernert (11),103,2896,R,HR Log
,Tony González (12),103,5794,L,HR Log
,Randy Jackson (10),103,3549,R,HR Log
,Freddie Lindstrom+ (13),103,6109,R,HR Log
,Brian McRae (10),103,5737,B,HR Log
,Orlando Merced (13),103,4532,B,HR Log
,Bob Skinner (12),103,4874,L,HR Log
980.,Elvis Andrus (15),102,8603,R,HR Log
,Ollie Brown (13),102,4012,R,HR Log
,Jay Johnstone (20),102,5229,L,HR Log
,Joe Oliver (13),102,3698,R,HR Log
,Lou Piniella (18),102,6362,R,HR Log
,George Sisler+ (15),102,9018,L,HR Log
,Eric Soderholm (9),102,3255,R,HR Log
,Steve Yeager (15),102,4015,R,HR Log
988.,George Altman (9),101,3420,L,HR Log
,Gerónimo Berroa (11),101,2825,R,HR Log
,Dave Concepción (19),101,9641,R,HR Log
,Chad Curtis (10),101,4650,R,HR Log
,Ed Delahanty+ (16),101,8402,R,HR Log
,David Dellucci (13),101,3266,L,HR Log
,Hank Leiber (10),101,3141,R,HR Log
,Nate McLouth (10),101,3737,L,HR Log
,Denis Menke (13),101,5936,R,HR Log
,Walt Moryn (8),101,2803,L,HR Log
,Jonathan Villar (10),101,3934,B,HR Log
,Honus Wagner+ (21),101,11766,R,HR Log
